,mean_fit_time,std_fit_time,mean_score_time,std_score_time,param_subsample,param_scale_pos_weight,param_reg_lambda,param_reg_alpha,param_n_estimators,param_min_child_weight,param_max_depth,param_max_delta_step,param_learning_rate,param_gamma,param_early_stopping_rounds,param_colsample_bytree,params,split0_test_score,split1_test_score,split2_test_score,mean_test_score,std_test_score,rank_test_score
0,23.465919733047485,4.208995918780598,1.254137913386027,0.3376776328997929,1.0,5,1.0,1.0,1000,3,10,0,0.1,5.0,15,0.9,"{'subsample': 1.0, 'scale_pos_weight': 5, 'reg_lambda': 1, 'reg_alpha': 1, 'n_estimators': 1000, 'min_child_weight': 3, 'max_depth': 10, 'max_delta_step': 0, 'learning_rate': 0.1, 'gamma': 5, 'early_stopping_rounds': 15, 'colsample_bytree': 0.9}",0.8982789769604429,0.9937141143938063,0.9623272090435312,0.9514401001325935,0.0397145080087047,1
1,25.671597003936768,5.579277866680479,1.2354952494303386,0.6200822649950068,1.0,5,10.0,1.0,1000,5,8,0,0.1,5.0,15,1.0,"{'subsample': 1.0, 'scale_pos_weight': 5, 'reg_lambda': 10, 'reg_alpha': 1, 'n_estimators': 1000, 'min_child_weight': 5, 'max_depth': 8, 'max_delta_step': 0, 'learning_rate': 0.1, 'gamma': 5, 'early_stopping_rounds': 15, 'colsample_bytree': 1.0}",0.8912389832389288,0.9922745975887431,0.9639742534258569,0.9491626114178429,0.04255653021563416,2
2,46.740339597066246,14.09412971172545,2.4345730940500894,0.8976177845079358,0.8,10,0.1,1.0,1000,1,10,1,0.05,5.0,15,0.7,"{'subsample': 0.8, 'scale_pos_weight': 10, 'reg_lambda': 0.1, 'reg_alpha': 1, 'n_estimators': 1000, 'min_child_weight': 1, 'max_depth': 10, 'max_delta_step': 1, 'learning_rate': 0.05, 'gamma': 5, 'early_stopping_rounds': 15, 'colsample_bytree': 0.7}",0.8926123608167041,0.992612630132006,0.9609406254968771,0.948721872148529,0.04172918176227956,3
3,33.46795813242594,10.91348773781761,1.253198226292928,0.5851201205617445,0.7,5,100.0,10.0,1000,1,8,0,0.1,1.0,15,0.9,"{'subsample': 0.7, 'scale_pos_weight': 5, 'reg_lambda': 100, 'reg_alpha': 10, 'n_estimators': 1000, 'min_child_weight': 1, 'max_depth': 8, 'max_delta_step': 0, 'learning_rate': 0.1, 'gamma': 1, 'early_stopping_rounds': 15, 'colsample_bytree': 0.9}",0.8880658029863243,0.992539998721822,0.9597214539889386,0.9467757518990282,0.0436226836679825,4
4,46.127208391825356,8.958437732065716,2.6336328188578286,0.5448076810742617,0.8,50,0.1,1.0,1000,7,10,1,0.05,0.1,15,1.0,"{'subsample': 0.8, 'scale_pos_weight': 50, 'reg_lambda': 0.1, 'reg_alpha': 1, 'n_estimators': 1000, 'min_child_weight': 7, 'max_depth': 10, 'max_delta_step': 1, 'learning_rate': 0.05, 'gamma': 0.1, 'early_stopping_rounds': 15, 'colsample_bytree': 1.0}",0.8970723326723898,0.9855891347662136,0.9550943577057799,0.9459186083814611,0.03671468230355391,5
5,18.42395846048991,4.128115098421563,1.00309952100118,0.45661161254198074,0.5,25,100.0,1.0,1000,1,10,5,0.2,0.5,15,1.0,"{'subsample': 0.5, 'scale_pos_weight': 25, 'reg_lambda': 100, 'reg_alpha': 1, 'n_estimators': 1000, 'min_child_weight': 1, 'max_depth': 10, 'max_delta_step': 5, 'learning_rate': 0.2, 'gamma': 0.5, 'early_stopping_rounds': 15, 'colsample_bytree': 1.0}",0.8801056012050005,0.9856035368149603,0.9714388510496095,0.9457159963565234,0.046752558180717205,6
6,38.585238456726074,8.571067242528413,1.971596399943034,0.6951987473086102,0.8,5,1.0,1.0,1000,5,8,10,0.05,0.5,15,1.0,"{'subsample': 0.8, 'scale_pos_weight': 5, 'reg_lambda': 1, 'reg_alpha': 1, 'n_estimators': 1000, 'min_child_weight': 5, 'max_depth': 8, 'max_delta_step': 10, 'learning_rate': 0.05, 'gamma': 0.5, 'early_stopping_rounds': 15, 'colsample_bytree': 1.0}",0.8820791330019929,0.9879142594533782,0.962405793499249,0.9441330619848735,0.04509758334613597,7
7,27.783329407374065,6.888821207178023,1.026513973871867,0.14302816308099534,0.5,10,10.0,0.1,1000,5,8,10,0.1,0.1,15,0.9,"{'subsample': 0.5, 'scale_pos_weight': 10, 'reg_lambda': 10, 'reg_alpha': 0.1, 'n_estimators': 1000, 'min_child_weight': 5, 'max_depth': 8, 'max_delta_step': 10, 'learning_rate': 0.1, 'gamma': 0.1, 'early_stopping_rounds': 15, 'colsample_bytree': 0.9}",0.8766262990718307,0.9832929600167961,0.9712968426877213,0.943738700592116,0.047707669097733364,8
8,27.934196949005127,14.252479078848845,0.834839661916097,0.42546387504862476,1.0,5,100.0,1.0,1000,1,5,10,0.2,0.5,15,0.7,"{'subsample': 1.0, 'scale_pos_weight': 5, 'reg_lambda': 100, 'reg_alpha': 1, 'n_estimators': 1000, 'min_child_weight': 1, 'max_depth': 5, 'max_delta_step': 10, 'learning_rate': 0.2, 'gamma': 0.5, 'early_stopping_rounds': 15, 'colsample_bytree': 0.7}",0.8900486270459821,0.9940933282592848,0.9440662604480765,0.9427360719177811,0.04248648423350618,9
9,19.58551836013794,5.227566460395191,0.872251033782959,0.250887242126804,0.8,5,0.1,0.0,1000,3,10,10,0.1,5.0,15,0.5,"{'subsample': 0.8, 'scale_pos_weight': 5, 'reg_lambda': 0.1, 'reg_alpha': 0, 'n_estimators': 1000, 'min_child_weight': 3, 'max_depth': 10, 'max_delta_step': 10, 'learning_rate': 0.1, 'gamma': 5, 'early_stopping_rounds': 15, 'colsample_bytree': 0.5}",0.8831991907712627,0.9927303043529705,0.948964010654198,0.9416311685928105,0.04501550947643995,10
10,14.083333015441895,2.7997180648353073,0.6767493883768717,0.11839412001909626,1.0,25,10.0,10.0,1000,3,10,10,0.2,0.0,15,1.0,"{'subsample': 1.0, 'scale_pos_weight': 25, 'reg_lambda': 10, 'reg_alpha': 10, 'n_estimators': 1000, 'min_child_weight': 3, 'max_depth': 10, 'max_delta_step': 10, 'learning_rate': 0.2, 'gamma': 0, 'early_stopping_rounds': 15, 'colsample_bytree': 1.0}",0.8599224459203021,0.9863848187121694,0.9743535004287553,0.940220255020409,0.05699117922753255,11
11,29.280856291453045,7.907708564153445,0.9393556912740072,0.2768344206962288,0.7,10,10.0,0.0,1000,5,5,0,0.1,1.0,15,0.5,"{'subsample': 0.7, 'scale_pos_weight': 10, 'reg_lambda': 10, 'reg_alpha': 0, 'n_estimators': 1000, 'min_child_weight': 5, 'max_depth': 5, 'max_delta_step': 0, 'learning_rate': 0.1, 'gamma': 1, 'early_stopping_rounds': 15, 'colsample_bytree': 0.5}",0.8708289215759301,0.9848066144855621,0.9547689995904609,0.9368015118839844,0.04823450757229299,12
12,17.79932363828023,3.7394450311855176,0.6332236925760905,0.07307268787481501,1.0,10,1.0,0.1,1000,7,8,10,0.2,0.1,15,0.5,"{'subsample': 1.0, 'scale_pos_weight': 10, 'reg_lambda': 1, 'reg_alpha': 0.1, 'n_estimators': 1000, 'min_child_weight': 7, 'max_depth': 8, 'max_delta_step': 10, 'learning_rate': 0.2, 'gamma': 0.1, 'early_stopping_rounds': 15, 'colsample_bytree': 0.5}",0.8836698831858267,0.9918990900818572,0.9325491887266153,0.9360393873314331,0.04425325917234228,13
13,14.48683500289917,2.877288014756607,0.6159420013427734,0.08246555256244575,0.8,5,0.1,1.0,1000,3,8,0,0.2,5.0,15,1.0,"{'subsample': 0.8, 'scale_pos_weight': 5, 'reg_lambda': 0.1, 'reg_alpha': 1, 'n_estimators': 1000, 'min_child_weight': 3, 'max_depth': 8, 'max_delta_step': 0, 'learning_rate': 0.2, 'gamma': 5, 'early_stopping_rounds': 15, 'colsample_bytree': 1.0}",0.8738337707440766,0.9911675512343135,0.940056334597265,0.9350192188585517,0.048033553635326416,14
14,49.39824867248535,17.55499130729212,2.3189853032430015,0.5279137558520227,1.0,50,100.0,1.0,1000,3,8,1,0.05,0.5,15,0.9,"{'subsample': 1.0, 'scale_pos_weight': 50, 'reg_lambda': 100, 'reg_alpha': 1, 'n_estimators': 1000, 'min_child_weight': 3, 'max_depth': 8, 'max_delta_step': 1, 'learning_rate': 0.05, 'gamma': 0.5, 'early_stopping_rounds': 15, 'colsample_bytree': 0.9}",0.8687337622111937,0.9881830457973139,0.9393525423447724,0.9320897834510934,0.04903463801144469,15
15,48.84419353802999,13.106492084329364,1.711473782857259,0.6749427057599652,1.0,5,100.0,1.0,1000,5,6,0,0.05,0.1,15,0.9,"{'subsample': 1.0, 'scale_pos_weight': 5, 'reg_lambda': 100, 'reg_alpha': 1, 'n_estimators': 1000, 'min_child_weight': 5, 'max_depth': 6, 'max_delta_step': 0, 'learning_rate': 0.05, 'gamma': 0.1, 'early_stopping_rounds': 15, 'colsample_bytree': 0.9}",0.8700205191989919,0.9860418417881976,0.9400441110603023,0.9320354906824972,0.04770283236946544,16
16,43.53736162185669,5.758871328343359,2.0360889434814453,0.25028167520369693,0.5,25,10.0,0.1,1000,3,8,1,0.05,1.0,15,0.9,"{'subsample': 0.5, 'scale_pos_weight': 25, 'reg_lambda': 10, 'reg_alpha': 0.1, 'n_estimators': 1000, 'min_child_weight': 3, 'max_depth': 8, 'max_delta_step': 1, 'learning_rate': 0.05, 'gamma': 1, 'early_stopping_rounds': 15, 'colsample_bytree': 0.9}",0.8865152185934626,0.9778569437635211,0.9303180278776001,0.9315633967448612,0.03730049952277029,17
17,24.064066648483276,6.284117361683083,0.7834413051605225,0.15213510531275629,0.7,25,1.0,10.0,1000,3,6,10,0.1,0.0,15,0.7,"{'subsample': 0.7, 'scale_pos_weight': 25, 'reg_lambda': 1, 'reg_alpha': 10, 'n_estimators': 1000, 'min_child_weight': 3, 'max_depth': 6, 'max_delta_step': 10, 'learning_rate': 0.1, 'gamma': 0, 'early_stopping_rounds': 15, 'colsample_bytree': 0.7}",0.8744343667129525,0.984934769209451,0.932980791171744,0.9307833090313826,0.045138353490795015,18
18,33.46286257108053,9.514800459415525,1.076056718826294,0.5536689695566236,0.8,10,0.1,10.0,1000,7,4,5,0.1,1.0,15,0.5,"{'subsample': 0.8, 'scale_pos_weight': 10, 'reg_lambda': 0.1, 'reg_alpha': 10, 'n_estimators': 1000, 'min_child_weight': 7, 'max_depth': 4, 'max_delta_step': 5, 'learning_rate': 0.1, 'gamma': 1, 'early_stopping_rounds': 15, 'colsample_bytree': 0.5}",0.8585585128904378,0.9840147900335192,0.9488074895856592,0.9304602641698722,0.05283486777368199,19
19,19.185251315434773,5.766703964185989,0.6560116608937582,0.12864575503299247,0.8,10,10.0,1.0,1000,5,5,1,0.2,0.5,15,0.5,"{'subsample': 0.8, 'scale_pos_weight': 10, 'reg_lambda': 10, 'reg_alpha': 1, 'n_estimators': 1000, 'min_child_weight': 5, 'max_depth': 5, 'max_delta_step': 1, 'learning_rate': 0.2, 'gamma': 0.5, 'early_stopping_rounds': 15, 'colsample_bytree': 0.5}",0.8665452724863065,0.9882316491136082,0.9364521279698365,0.9304096831899171,0.049861654728252235,20
20,42.43276262283325,14.311364887668494,1.647774298985799,0.713377468485019,0.7,10,100.0,10.0,1000,1,6,5,0.05,0.5,15,0.9,"{'subsample': 0.7, 'scale_pos_weight': 10, 'reg_lambda': 100, 'reg_alpha': 10, 'n_estimators': 1000, 'min_child_weight': 1, 'max_depth': 6, 'max_delta_step': 5, 'learning_rate': 0.05, 'gamma': 0.5, 'early_stopping_rounds': 15, 'colsample_bytree': 0.9}",0.8614296014179708,0.9822690831553073,0.9425126766420554,0.9287371204051111,0.05028498482890581,21
21,50.17334802945455,23.744151418709855,1.7388055324554443,0.7940257250272533,0.7,50,0.1,10.0,1000,7,5,5,0.05,1.0,15,0.5,"{'subsample': 0.7, 'scale_pos_weight': 50, 'reg_lambda': 0.1, 'reg_alpha': 10, 'n_estimators': 1000, 'min_child_weight': 7, 'max_depth': 5, 'max_delta_step': 5, 'learning_rate': 0.05, 'gamma': 1, 'early_stopping_rounds': 15, 'colsample_bytree': 0.5}",0.8582579200586657,0.9863441514898168,0.9382336198949645,0.9276118971478157,0.05282762166484859,22
22,14.1150430838267,2.3321124917648146,0.5206379890441895,0.05122065598932821,1.0,25,1.0,1.0,1000,7,8,5,0.2,5.0,15,0.5,"{'subsample': 1.0, 'scale_pos_weight': 25, 'reg_lambda': 1, 'reg_alpha': 1, 'n_estimators': 1000, 'min_child_weight': 7, 'max_depth': 8, 'max_delta_step': 5, 'learning_rate': 0.2, 'gamma': 5, 'early_stopping_rounds': 15, 'colsample_bytree': 0.5}",0.8612878745025719,0.9701531151299373,0.9399722238830202,0.9238044045051765,0.04589087739256735,23
23,47.375239769617714,30.531505587299687,1.4342536131540935,0.7349222428190222,1.0,10,1.0,10.0,1000,5,4,5,0.1,1.0,15,0.9,"{'subsample': 1.0, 'scale_pos_weight': 10, 'reg_lambda': 1, 'reg_alpha': 10, 'n_estimators': 1000, 'min_child_weight': 5, 'max_depth': 4, 'max_delta_step': 5, 'learning_rate': 0.1, 'gamma': 1, 'early_stopping_rounds': 15, 'colsample_bytree': 0.9}",0.8283009627049062,0.992799296256709,0.9461180312071819,0.9224060967229324,0.06921761487304155,24
24,50.3742835521698,4.193817280792376,1.4629380702972412,0.5246145501206961,0.5,5,100.0,10.0,1000,1,5,0,0.05,0.5,15,0.7,"{'subsample': 0.5, 'scale_pos_weight': 5, 'reg_lambda': 100, 'reg_alpha': 10, 'n_estimators': 1000, 'min_child_weight': 1, 'max_depth': 5, 'max_delta_step': 0, 'learning_rate': 0.05, 'gamma': 0.5, 'early_stopping_rounds': 15, 'colsample_bytree': 0.7}",0.8817767183914167,0.967962750327952,0.9148606748597028,0.9215333811930239,0.0355002514789161,25
25,20.89408262570699,9.862650368715098,0.6677977244059244,0.14762062892809322,1.0,25,0.1,0.0,1000,3,5,1,0.2,0.0,15,0.9,"{'subsample': 1.0, 'scale_pos_weight': 25, 'reg_lambda': 0.1, 'reg_alpha': 0, 'n_estimators': 1000, 'min_child_weight': 3, 'max_depth': 5, 'max_delta_step': 1, 'learning_rate': 0.2, 'gamma': 0, 'early_stopping_rounds': 15, 'colsample_bytree': 0.9}",0.8569924321791111,0.9909616925142353,0.9158162174767762,0.9212567807233741,0.054827854690933875,26
26,62.757753213246666,24.82116898725348,1.5145793755849202,0.6748723595926944,1.0,50,10.0,0.1,1000,3,4,10,0.05,1.0,15,0.9,"{'subsample': 1.0, 'scale_pos_weight': 50, 'reg_lambda': 10, 'reg_alpha': 0.1, 'n_estimators': 1000, 'min_child_weight': 3, 'max_depth': 4, 'max_delta_step': 10, 'learning_rate': 0.05, 'gamma': 1, 'early_stopping_rounds': 15, 'colsample_bytree': 0.9}",0.8375857460179325,0.9844137526650243,0.9341892970375195,0.918729598573492,0.060930931342729366,27
27,67.31102466583252,33.2035847607286,1.5332029660542805,0.9031522918717338,0.8,50,100.0,0.0,1000,1,4,10,0.05,1.0,15,0.7,"{'subsample': 0.8, 'scale_pos_weight': 50, 'reg_lambda': 100, 'reg_alpha': 0, 'n_estimators': 1000, 'min_child_weight': 1, 'max_depth': 4, 'max_delta_step': 10, 'learning_rate': 0.05, 'gamma': 1, 'early_stopping_rounds': 15, 'colsample_bytree': 0.7}",0.8441109953923577,0.9839049833166393,0.926523242218388,0.9181797403091284,0.05737479285671201,28
28,52.353116591771446,26.091009165718646,1.6767119566599529,0.8975859875927995,0.5,25,1.0,1.0,1000,7,5,10,0.05,0.1,15,0.7,"{'subsample': 0.5, 'scale_pos_weight': 25, 'reg_lambda': 1, 'reg_alpha': 1, 'n_estimators': 1000, 'min_child_weight': 7, 'max_depth': 5, 'max_delta_step': 10, 'learning_rate': 0.05, 'gamma': 0.1, 'early_stopping_rounds': 15, 'colsample_bytree': 0.7}",0.839504704216933,0.987632585055798,0.9271901677639913,0.9181091523455741,0.06081291475350387,29
29,27.718653917312622,11.489052091129079,0.7760972181955973,0.2072855016178061,0.7,5,0.1,10.0,1000,5,4,1,0.1,5.0,15,0.7,"{'subsample': 0.7, 'scale_pos_weight': 5, 'reg_lambda': 0.1, 'reg_alpha': 10, 'n_estimators': 1000, 'min_child_weight': 5, 'max_depth': 4, 'max_delta_step': 1, 'learning_rate': 0.1, 'gamma': 5, 'early_stopping_rounds': 15, 'colsample_bytree': 0.7}",0.8409398707791046,0.9855133929703187,0.9239411662000482,0.9167981433164906,0.05923761705554808,30
30,38.87279446919759,17.851160169159073,1.4006848335266113,0.8066695239611439,0.5,5,100.0,0.0,1000,5,5,0,0.05,5.0,15,0.9,"{'subsample': 0.5, 'scale_pos_weight': 5, 'reg_lambda': 100, 'reg_alpha': 0, 'n_estimators': 1000, 'min_child_weight': 5, 'max_depth': 5, 'max_delta_step': 0, 'learning_rate': 0.05, 'gamma': 5, 'early_stopping_rounds': 15, 'colsample_bytree': 0.9}",0.8488015888096573,0.9869717936769951,0.9126228006523558,0.916132061046336,0.0564623034106538,31
31,45.57515565554301,16.874180901283946,1.2720200220743816,0.5980261411741399,0.8,10,1.0,0.1,1000,3,4,10,0.05,1.0,15,0.9,"{'subsample': 0.8, 'scale_pos_weight': 10, 'reg_lambda': 1, 'reg_alpha': 0.1, 'n_estimators': 1000, 'min_child_weight': 3, 'max_depth': 4, 'max_delta_step': 10, 'learning_rate': 0.05, 'gamma': 1, 'early_stopping_rounds': 15, 'colsample_bytree': 0.9}",0.8433390434140959,0.9812573868902837,0.9211797449395127,0.9152587250812975,0.05646037680784028,32
32,36.982542196909584,12.4589621867987,1.2827633221944172,0.5849672703732707,0.8,25,1.0,0.1,1000,5,5,10,0.05,0.1,15,1.0,"{'subsample': 0.8, 'scale_pos_weight': 25, 'reg_lambda': 1, 'reg_alpha': 0.1, 'n_estimators': 1000, 'min_child_weight': 5, 'max_depth': 5, 'max_delta_step': 10, 'learning_rate': 0.05, 'gamma': 0.1, 'early_stopping_rounds': 15, 'colsample_bytree': 1.0}",0.8334952915574947,0.9787714293985151,0.9286757134916922,0.913647478149234,0.06025321540317455,33
33,57.48069699605306,30.114397996758033,1.785481055577596,0.829439482922993,0.5,25,0.1,0.0,1000,5,4,1,0.05,0.0,15,0.7,"{'subsample': 0.5, 'scale_pos_weight': 25, 'reg_lambda': 0.1, 'reg_alpha': 0, 'n_estimators': 1000, 'min_child_weight': 5, 'max_depth': 4, 'max_delta_step': 1, 'learning_rate': 0.05, 'gamma': 0, 'early_stopping_rounds': 15, 'colsample_bytree': 0.7}",0.8442069824274808,0.9840156873709105,0.9082575806537154,0.9121600834840354,0.05714333230713353,34
34,40.34840281804403,20.615176925332214,1.185874303181966,0.6196996689530171,1.0,50,100.0,0.1,1000,7,5,1,0.1,0.1,15,0.9,"{'subsample': 1.0, 'scale_pos_weight': 50, 'reg_lambda': 100, 'reg_alpha': 0.1, 'n_estimators': 1000, 'min_child_weight': 7, 'max_depth': 5, 'max_delta_step': 1, 'learning_rate': 0.1, 'gamma': 0.1, 'early_stopping_rounds': 15, 'colsample_bytree': 0.9}",0.8263139494419064,0.9874994944101783,0.9209031194672015,0.9115721877730953,0.06613367619899237,35
35,26.142854293187458,13.89968747585412,0.6285422643025717,0.17774702201298134,0.7,50,1.0,10.0,1000,1,3,0,0.2,0.0,15,0.9,"{'subsample': 0.7, 'scale_pos_weight': 50, 'reg_lambda': 1, 'reg_alpha': 10, 'n_estimators': 1000, 'min_child_weight': 1, 'max_depth': 3, 'max_delta_step': 0, 'learning_rate': 0.2, 'gamma': 0, 'early_stopping_rounds': 15, 'colsample_bytree': 0.9}",0.8150547455216817,0.9874765296105056,0.9315929713959799,0.9113747488427224,0.07182803677071621,36
36,44.15977064768473,36.07275863513151,1.2056578795115154,0.8911416174052323,1.0,25,1.0,10.0,1000,5,4,5,0.1,5.0,15,0.5,"{'subsample': 1.0, 'scale_pos_weight': 25, 'reg_lambda': 1, 'reg_alpha': 10, 'n_estimators': 1000, 'min_child_weight': 5, 'max_depth': 4, 'max_delta_step': 5, 'learning_rate': 0.1, 'gamma': 5, 'early_stopping_rounds': 15, 'colsample_bytree': 0.5}",0.8294926596696888,0.9921600737040519,0.9109925871338541,0.9108817735025316,0.0664087399213005,37
37,34.59658829371134,18.979343842811762,1.332037369410197,0.8335837414006861,0.5,50,1.0,1.0,1000,5,8,10,0.05,0.5,15,0.5,"{'subsample': 0.5, 'scale_pos_weight': 50, 'reg_lambda': 1, 'reg_alpha': 1, 'n_estimators': 1000, 'min_child_weight': 5, 'max_depth': 8, 'max_delta_step': 10, 'learning_rate': 0.05, 'gamma': 0.5, 'early_stopping_rounds': 15, 'colsample_bytree': 0.5}",0.8901586131581539,0.9884097181884277,0.8534589020974939,0.9106757444813586,0.05697160227810858,38
38,162.10910336176553,43.3050669863558,4.09418797492981,0.9215551763329501,0.7,5,1.0,0.1,1000,3,5,5,0.01,1.0,15,1.0,"{'subsample': 0.7, 'scale_pos_weight': 5, 'reg_lambda': 1, 'reg_alpha': 0.1, 'n_estimators': 1000, 'min_child_weight': 3, 'max_depth': 5, 'max_delta_step': 5, 'learning_rate': 0.01, 'gamma': 1, 'early_stopping_rounds': 15, 'colsample_bytree': 1.0}",0.8479143357484158,0.9699363707618722,0.9098960467697073,0.9092489177599985,0.049817388792620744,39
39,25.28457760810852,9.041991255318955,0.8513407707214355,0.09054362129156253,1.0,5,0.1,10.0,1000,7,5,1,0.1,0.5,15,0.5,"{'subsample': 1.0, 'scale_pos_weight': 5, 'reg_lambda': 0.1, 'reg_alpha': 10, 'n_estimators': 1000, 'min_child_weight': 7, 'max_depth': 5, 'max_delta_step': 1, 'learning_rate': 0.1, 'gamma': 0.5, 'early_stopping_rounds': 15, 'colsample_bytree': 0.5}",0.8005185891349015,0.9830469713461474,0.9217513602306474,0.9017723069038989,0.07584424613218183,40
40,17.739380995432537,6.95767691310295,0.7179362773895264,0.23765153844618306,0.5,5,0.1,1.0,1000,5,8,0,0.05,0.5,15,0.5,"{'subsample': 0.5, 'scale_pos_weight': 5, 'reg_lambda': 0.1, 'reg_alpha': 1, 'n_estimators': 1000, 'min_child_weight': 5, 'max_depth': 8, 'max_delta_step': 0, 'learning_rate': 0.05, 'gamma': 0.5, 'early_stopping_rounds': 15, 'colsample_bytree': 0.5}",0.8682701204473684,0.9224337827187203,0.9120942158657187,0.9009327063439359,0.023478501496261156,41
41,30.775734345118206,23.177938913567772,0.8736975193023682,0.5710186154920063,0.7,5,1.0,0.0,1000,1,3,10,0.2,1.0,15,0.5,"{'subsample': 0.7, 'scale_pos_weight': 5, 'reg_lambda': 1, 'reg_alpha': 0, 'n_estimators': 1000, 'min_child_weight': 1, 'max_depth': 3, 'max_delta_step': 10, 'learning_rate': 0.2, 'gamma': 1, 'early_stopping_rounds': 15, 'colsample_bytree': 0.5}",0.8094971843156219,0.9932232466548125,0.8978526147607819,0.9001910152437388,0.07502407428410368,42
42,49.89491128921509,27.335521839315216,1.2348461151123047,0.8240070658055965,0.5,50,0.1,1.0,1000,7,4,0,0.05,0.1,15,0.5,"{'subsample': 0.5, 'scale_pos_weight': 50, 'reg_lambda': 0.1, 'reg_alpha': 1, 'n_estimators': 1000, 'min_child_weight': 7, 'max_depth': 4, 'max_delta_step': 0, 'learning_rate': 0.05, 'gamma': 0.1, 'early_stopping_rounds': 15, 'colsample_bytree': 0.5}",0.8413975767853327,0.9789801348391234,0.8744860428716492,0.8982879181653685,0.05863523980667538,43
43,53.067272663116455,30.680304531877145,1.5703976949055989,0.7902645232019501,0.7,5,0.1,0.0,1000,7,4,1,0.05,1.0,15,0.5,"{'subsample': 0.7, 'scale_pos_weight': 5, 'reg_lambda': 0.1, 'reg_alpha': 0, 'n_estimators': 1000, 'min_child_weight': 7, 'max_depth': 4, 'max_delta_step': 1, 'learning_rate': 0.05, 'gamma': 1, 'early_stopping_rounds': 15, 'colsample_bytree': 0.5}",0.7881148896471106,0.9872797800878494,0.9114806316164183,0.8956251004504594,0.08207805958347981,44
44,50.586686293284096,21.025619315173785,1.376543680826823,0.5358561745025975,1.0,10,10.0,1.0,1000,1,3,1,0.05,5.0,15,0.9,"{'subsample': 1.0, 'scale_pos_weight': 10, 'reg_lambda': 10, 'reg_alpha': 1, 'n_estimators': 1000, 'min_child_weight': 1, 'max_depth': 3, 'max_delta_step': 1, 'learning_rate': 0.05, 'gamma': 5, 'early_stopping_rounds': 15, 'colsample_bytree': 0.9}",0.8077977596227988,0.973324690795764,0.8991136581936715,0.893412036204078,0.06769624610896853,45
45,48.956011613210045,12.831696401013902,0.9509859879811605,0.18004918275466833,1.0,5,100.0,10.0,1000,7,3,1,0.05,0.1,15,1.0,"{'subsample': 1.0, 'scale_pos_weight': 5, 'reg_lambda': 100, 'reg_alpha': 10, 'n_estimators': 1000, 'min_child_weight': 7, 'max_depth': 3, 'max_delta_step': 1, 'learning_rate': 0.05, 'gamma': 0.1, 'early_stopping_rounds': 15, 'colsample_bytree': 1.0}",0.8082215478375399,0.957341549083975,0.9135628691675822,0.8930419886963658,0.06258340352105964,46
46,45.255590200424194,38.200883824698785,1.3911301294962566,1.2267403120377423,0.8,50,0.1,1.0,1000,1,5,5,0.05,0.1,15,0.5,"{'subsample': 0.8, 'scale_pos_weight': 50, 'reg_lambda': 0.1, 'reg_alpha': 1, 'n_estimators': 1000, 'min_child_weight': 1, 'max_depth': 5, 'max_delta_step': 5, 'learning_rate': 0.05, 'gamma': 0.1, 'early_stopping_rounds': 15, 'colsample_bytree': 0.5}",0.8607214989735371,0.9861051741944435,0.8011665481326241,0.8826644071002016,0.07707871416156256,47
47,86.79684066772461,87.81152061909214,5.432146708170573,4.953720802591578,0.7,25,10.0,0.1,1000,1,10,1,0.01,0.5,15,0.7,"{'subsample': 0.7, 'scale_pos_weight': 25, 'reg_lambda': 10, 'reg_alpha': 0.1, 'n_estimators': 1000, 'min_child_weight': 1, 'max_depth': 10, 'max_delta_step': 1, 'learning_rate': 0.01, 'gamma': 0.5, 'early_stopping_rounds': 15, 'colsample_bytree': 0.7}",0.8338394742935951,0.9857389006846946,0.8131696754514125,0.8775826834765673,0.07694212386212886,48
48,53.745275259017944,41.54800482302502,1.3294086456298828,0.9554487742272806,1.0,5,1.0,0.0,1000,3,4,10,0.05,0.0,15,0.5,"{'subsample': 1.0, 'scale_pos_weight': 5, 'reg_lambda': 1, 'reg_alpha': 0, 'n_estimators': 1000, 'min_child_weight': 3, 'max_depth': 4, 'max_delta_step': 10, 'learning_rate': 0.05, 'gamma': 0, 'early_stopping_rounds': 15, 'colsample_bytree': 0.5}",0.7288561357471173,0.9915413050080961,0.9043249927656937,0.8749074778403023,0.10923954465823107,49
49,55.69375967979431,50.04433770818345,1.4114739100138347,1.1773688968214233,0.5,50,1.0,10.0,1000,5,4,1,0.05,0.5,15,0.5,"{'subsample': 0.5, 'scale_pos_weight': 50, 'reg_lambda': 1, 'reg_alpha': 10, 'n_estimators': 1000, 'min_child_weight': 5, 'max_depth': 4, 'max_delta_step': 1, 'learning_rate': 0.05, 'gamma': 0.5, 'early_stopping_rounds': 15, 'colsample_bytree': 0.5}",0.8418595924819277,0.9823699440617792,0.7806611878222515,0.8682969081219861,0.08444250244836568,50
50,94.64609328905742,102.67807751133272,2.8034072717030845,2.714532390306734,1.0,10,10.0,0.1,1000,1,6,10,0.01,0.5,15,0.7,"{'subsample': 1.0, 'scale_pos_weight': 10, 'reg_lambda': 10, 'reg_alpha': 0.1, 'n_estimators': 1000, 'min_child_weight': 1, 'max_depth': 6, 'max_delta_step': 10, 'learning_rate': 0.01, 'gamma': 0.5, 'early_stopping_rounds': 15, 'colsample_bytree': 0.7}",0.8149584098996783,0.981517839946262,0.801019211528806,0.8658318204582486,0.08200006764851422,51
51,19.779009262720745,10.22029297353784,0.9970333576202393,0.6942364424442091,0.5,5,1.0,0.0,1000,7,8,0,0.01,5.0,15,0.7,"{'subsample': 0.5, 'scale_pos_weight': 5, 'reg_lambda': 1, 'reg_alpha': 0, 'n_estimators': 1000, 'min_child_weight': 7, 'max_depth': 8, 'max_delta_step': 0, 'learning_rate': 0.01, 'gamma': 5, 'early_stopping_rounds': 15, 'colsample_bytree': 0.7}",0.8312192285520509,0.8902985008276949,0.8124441684712798,0.8446539659503419,0.03317321603730501,52
52,14.650352557500204,2.2864579086481087,0.5505820910135905,0.1124794394167475,0.5,10,100.0,10.0,1000,7,10,10,0.001,1.0,15,0.7,"{'subsample': 0.5, 'scale_pos_weight': 10, 'reg_lambda': 100, 'reg_alpha': 10, 'n_estimators': 1000, 'min_child_weight': 7, 'max_depth': 10, 'max_delta_step': 10, 'learning_rate': 0.001, 'gamma': 1, 'early_stopping_rounds': 15, 'colsample_bytree': 0.7}",0.8391606162626384,0.8701648964392844,0.8243671421481187,0.8445642182833472,0.019083286939573646,53
53,11.390716314315796,0.8695653024318921,0.4548313617706299,0.004348282808445616,0.7,50,0.1,10.0,1000,1,8,5,0.001,0.0,15,0.5,"{'subsample': 0.7, 'scale_pos_weight': 50, 'reg_lambda': 0.1, 'reg_alpha': 10, 'n_estimators': 1000, 'min_child_weight': 1, 'max_depth': 8, 'max_delta_step': 5, 'learning_rate': 0.001, 'gamma': 0, 'early_stopping_rounds': 15, 'colsample_bytree': 0.5}",0.8358319769138316,0.8584826407675622,0.8137042979744871,0.836006305218627,0.018281097497906146,54
54,9.66668470700582,0.45291963505734156,0.69313645362854,0.19786142658408476,0.8,50,100.0,0.0,1000,3,8,1,0.001,1.0,15,0.5,"{'subsample': 0.8, 'scale_pos_weight': 50, 'reg_lambda': 100, 'reg_alpha': 0, 'n_estimators': 1000, 'min_child_weight': 3, 'max_depth': 8, 'max_delta_step': 1, 'learning_rate': 0.001, 'gamma': 1, 'early_stopping_rounds': 15, 'colsample_bytree': 0.5}",0.8296424062065688,0.856370237058832,0.8105068502017574,0.8321731644890527,0.01880897155816325,55
55,15.335123697916666,4.592520462435537,0.6645449797312418,0.14112029180382998,0.5,10,1.0,10.0,1000,7,10,1,0.001,0.0,15,0.7,"{'subsample': 0.5, 'scale_pos_weight': 10, 'reg_lambda': 1, 'reg_alpha': 10, 'n_estimators': 1000, 'min_child_weight': 7, 'max_depth': 10, 'max_delta_step': 1, 'learning_rate': 0.001, 'gamma': 0, 'early_stopping_rounds': 15, 'colsample_bytree': 0.7}",0.8047971838055998,0.8629707890127722,0.8081733101186924,0.8253137609790215,0.02666318782480827,56
56,9.857835213343302,0.2792146727070298,0.5205182234446207,0.07465090958088788,0.8,10,10.0,10.0,1000,1,8,1,0.001,0.5,15,0.5,"{'subsample': 0.8, 'scale_pos_weight': 10, 'reg_lambda': 10, 'reg_alpha': 10, 'n_estimators': 1000, 'min_child_weight': 1, 'max_depth': 8, 'max_delta_step': 1, 'learning_rate': 0.001, 'gamma': 0.5, 'early_stopping_rounds': 15, 'colsample_bytree': 0.5}",0.8192807849494916,0.8649495023509693,0.7876532920458322,0.823961193115431,0.031729121191043,57
57,10.656381845474243,0.44153298513200534,0.42418964703877765,0.003822892893736348,0.7,5,0.1,0.1,1000,1,6,0,0.01,0.5,15,0.5,"{'subsample': 0.7, 'scale_pos_weight': 5, 'reg_lambda': 0.1, 'reg_alpha': 0.1, 'n_estimators': 1000, 'min_child_weight': 1, 'max_depth': 6, 'max_delta_step': 0, 'learning_rate': 0.01, 'gamma': 0.5, 'early_stopping_rounds': 15, 'colsample_bytree': 0.5}",0.793140408153276,0.8844566689735376,0.7858737062121035,0.8211569277796391,0.044857880509347615,58
58,73.57106773058574,85.95132273102544,2.053389390309652,2.2866458808169243,0.8,25,100.0,0.0,1000,5,5,1,0.01,0.5,15,0.9,"{'subsample': 0.8, 'scale_pos_weight': 25, 'reg_lambda': 100, 'reg_alpha': 0, 'n_estimators': 1000, 'min_child_weight': 5, 'max_depth': 5, 'max_delta_step': 1, 'learning_rate': 0.01, 'gamma': 0.5, 'early_stopping_rounds': 15, 'colsample_bytree': 0.9}",0.7444257339949201,0.9554453889025397,0.7601157602388067,0.8199956277120887,0.09599139748191361,59
59,8.621780395507812,0.6977090520438631,0.5633554458618164,0.18074199140204608,1.0,50,100.0,0.0,1000,5,5,1,0.01,1.0,15,0.5,"{'subsample': 1.0, 'scale_pos_weight': 50, 'reg_lambda': 100, 'reg_alpha': 0, 'n_estimators': 1000, 'min_child_weight': 5, 'max_depth': 5, 'max_delta_step': 1, 'learning_rate': 0.01, 'gamma': 1, 'early_stopping_rounds': 15, 'colsample_bytree': 0.5}",0.8083758426068405,0.8256557667827628,0.806418539275169,0.8134833828882574,0.008644187115800327,60
60,72.62507168451945,92.70399515015123,1.9471596876780193,2.285498985573593,0.7,25,1.0,1.0,1000,5,5,0,0.01,0.0,15,0.9,"{'subsample': 0.7, 'scale_pos_weight': 25, 'reg_lambda': 1, 'reg_alpha': 1, 'n_estimators': 1000, 'min_child_weight': 5, 'max_depth': 5, 'max_delta_step': 0, 'learning_rate': 0.01, 'gamma': 0, 'early_stopping_rounds': 15, 'colsample_bytree': 0.9}",0.7479625675834992,0.9677571312627176,0.7235899826727351,0.813103227172984,0.10980855540881287,61
61,78.20854163169861,91.16188370424044,2.1133002440134683,1.25679363984776,0.7,10,0.1,1.0,1000,1,3,0,0.01,1.0,15,0.7,"{'subsample': 0.7, 'scale_pos_weight': 10, 'reg_lambda': 0.1, 'reg_alpha': 1, 'n_estimators': 1000, 'min_child_weight': 1, 'max_depth': 3, 'max_delta_step': 0, 'learning_rate': 0.01, 'gamma': 1, 'early_stopping_rounds': 15, 'colsample_bytree': 0.7}",0.7574391229271333,0.9301390452137136,0.7286882750674611,0.8054221477361027,0.0889658406374536,62
62,9.188948631286621,0.5154099714739981,0.42951305707295734,0.017582664323995082,0.5,5,1.0,0.0,1000,7,5,0,0.001,0.5,15,0.5,"{'subsample': 0.5, 'scale_pos_weight': 5, 'reg_lambda': 1, 'reg_alpha': 0, 'n_estimators': 1000, 'min_child_weight': 7, 'max_depth': 5, 'max_delta_step': 0, 'learning_rate': 0.001, 'gamma': 0.5, 'early_stopping_rounds': 15, 'colsample_bytree': 0.5}",0.7803032369632932,0.8482701194932317,0.770205328720938,0.7995928950591544,0.03466598786199438,63
63,19.00531991322835,5.0193624148234335,0.6658817927042643,0.13517528598144568,1.0,25,1.0,1.0,1000,5,5,1,0.01,0.1,15,0.7,"{'subsample': 1.0, 'scale_pos_weight': 25, 'reg_lambda': 1, 'reg_alpha': 1, 'n_estimators': 1000, 'min_child_weight': 5, 'max_depth': 5, 'max_delta_step': 1, 'learning_rate': 0.01, 'gamma': 0.1, 'early_stopping_rounds': 15, 'colsample_bytree': 0.7}",0.7938460295130318,0.8196220147271946,0.7847144993783193,0.799394181206182,0.014781072296818106,64
64,8.12005623181661,0.5070326061772661,0.3658280372619629,0.013975533465966933,0.5,25,1.0,10.0,1000,7,4,10,0.001,0.5,15,0.5,"{'subsample': 0.5, 'scale_pos_weight': 25, 'reg_lambda': 1, 'reg_alpha': 10, 'n_estimators': 1000, 'min_child_weight': 7, 'max_depth': 4, 'max_delta_step': 10, 'learning_rate': 0.001, 'gamma': 0.5, 'early_stopping_rounds': 15, 'colsample_bytree': 0.5}",0.7724791114236571,0.825137515440112,0.7921378653991809,0.7965848307543167,0.021726458586132303,65
65,12.029293855031332,1.8150380876345416,0.46271498998006183,0.03749332424769112,0.7,10,0.1,1.0,1000,7,5,0,0.001,0.0,15,0.7,"{'subsample': 0.7, 'scale_pos_weight': 10, 'reg_lambda': 0.1, 'reg_alpha': 1, 'n_estimators': 1000, 'min_child_weight': 7, 'max_depth': 5, 'max_delta_step': 0, 'learning_rate': 0.001, 'gamma': 0, 'early_stopping_rounds': 15, 'colsample_bytree': 0.7}",0.789434914676622,0.8137811938941287,0.7863106883052186,0.7965089322919897,0.012279751985673722,66
66,13.166710694630941,2.48580801977143,0.4814484119415283,0.043873164722611414,0.7,5,1.0,10.0,1000,1,5,0,0.001,0.1,15,0.7,"{'subsample': 0.7, 'scale_pos_weight': 5, 'reg_lambda': 1, 'reg_alpha': 10, 'n_estimators': 1000, 'min_child_weight': 1, 'max_depth': 5, 'max_delta_step': 0, 'learning_rate': 0.001, 'gamma': 0.1, 'early_stopping_rounds': 15, 'colsample_bytree': 0.7}",0.7586482734178637,0.8232052823411617,0.7550826336714095,0.778978729810145,0.0313067554827438,67
67,15.811058044433594,8.031847113372205,0.6003811359405518,0.2587130759379372,1.0,25,10.0,10.0,1000,1,10,0,0.001,1.0,15,1.0,"{'subsample': 1.0, 'scale_pos_weight': 25, 'reg_lambda': 10, 'reg_alpha': 10, 'n_estimators': 1000, 'min_child_weight': 1, 'max_depth': 10, 'max_delta_step': 0, 'learning_rate': 0.001, 'gamma': 1, 'early_stopping_rounds': 15, 'colsample_bytree': 1.0}",0.7538110404856333,0.7898400949957873,0.7518059963209233,0.765152377267448,0.0174760332169752,68
68,10.285824616750082,3.7636264483412067,0.42909669876098633,0.048783868626619646,0.5,10,0.1,1.0,1000,3,5,5,0.001,0.0,15,0.9,"{'subsample': 0.5, 'scale_pos_weight': 10, 'reg_lambda': 0.1, 'reg_alpha': 1, 'n_estimators': 1000, 'min_child_weight': 3, 'max_depth': 5, 'max_delta_step': 5, 'learning_rate': 0.001, 'gamma': 0, 'early_stopping_rounds': 15, 'colsample_bytree': 0.9}",0.7614433389826379,0.7793700563498344,0.7364754702950111,0.7590962885424944,0.017590108253032286,69
69,13.104545434316,5.494608560175851,0.5335322221120199,0.1697647920327969,1.0,5,10.0,10.0,1000,1,6,10,0.001,0.0,15,0.9,"{'subsample': 1.0, 'scale_pos_weight': 5, 'reg_lambda': 10, 'reg_alpha': 10, 'n_estimators': 1000, 'min_child_weight': 1, 'max_depth': 6, 'max_delta_step': 10, 'learning_rate': 0.001, 'gamma': 0, 'early_stopping_rounds': 15, 'colsample_bytree': 0.9}",0.6889730141020713,0.8235613976197482,0.7564761106108809,0.7563368407775668,0.054945565738830235,70
70,83.14834189414978,105.83747808226671,3.4863471190134683,4.399919785906276,0.5,5,100.0,0.0,1000,3,8,10,0.001,5.0,15,1.0,"{'subsample': 0.5, 'scale_pos_weight': 5, 'reg_lambda': 100, 'reg_alpha': 0, 'n_estimators': 1000, 'min_child_weight': 3, 'max_depth': 8, 'max_delta_step': 10, 'learning_rate': 0.001, 'gamma': 5, 'early_stopping_rounds': 15, 'colsample_bytree': 1.0}",0.7820732109415524,0.7714713785763166,0.7104890397565423,0.7546778764248038,0.031544568227043,71
71,9.08176096280416,2.5787381850106774,0.3718496958414714,0.07683857019238036,0.7,10,100.0,10.0,1000,1,4,0,0.001,0.5,15,0.9,"{'subsample': 0.7, 'scale_pos_weight': 10, 'reg_lambda': 100, 'reg_alpha': 10, 'n_estimators': 1000, 'min_child_weight': 1, 'max_depth': 4, 'max_delta_step': 0, 'learning_rate': 0.001, 'gamma': 0.5, 'early_stopping_rounds': 15, 'colsample_bytree': 0.9}",0.6232243158847718,0.754613545971771,0.6915274300833831,0.689788430646642,0.053653521381759245,72
72,37.8793036142985,14.57431362942601,1.4714877605438232,0.5819910041734623,0.7,50,1.0,1.0,1000,1,8,0,0.001,5.0,15,1.0,"{'subsample': 0.7, 'scale_pos_weight': 50, 'reg_lambda': 1, 'reg_alpha': 1, 'n_estimators': 1000, 'min_child_weight': 1, 'max_depth': 8, 'max_delta_step': 0, 'learning_rate': 0.001, 'gamma': 5, 'early_stopping_rounds': 15, 'colsample_bytree': 1.0}",0.6716402302208649,0.6878437518991138,0.7071904781288485,0.6888914867496091,0.01453222494590279,73
73,10.851585785547892,1.931718285548075,0.43538538614908856,0.07432259061281733,1.0,5,100.0,0.1,1000,1,3,10,0.001,0.5,15,0.7,"{'subsample': 1.0, 'scale_pos_weight': 5, 'reg_lambda': 100, 'reg_alpha': 0.1, 'n_estimators': 1000, 'min_child_weight': 1, 'max_depth': 3, 'max_delta_step': 10, 'learning_rate': 0.001, 'gamma': 0.5, 'early_stopping_rounds': 15, 'colsample_bytree': 0.7}",0.6159632869751508,0.7158729970090212,0.6622849905996314,0.6647070915279345,0.04082391022789774,74
74,6.657780090967814,0.21719118759867925,0.32726438840230304,0.008424552870531473,0.5,50,10.0,0.0,1000,3,5,0,0.01,5.0,15,0.9,"{'subsample': 0.5, 'scale_pos_weight': 50, 'reg_lambda': 10, 'reg_alpha': 0, 'n_estimators': 1000, 'min_child_weight': 3, 'max_depth': 5, 'max_delta_step': 0, 'learning_rate': 0.01, 'gamma': 5, 'early_stopping_rounds': 15, 'colsample_bytree': 0.9}",0.6569587377747326,0.6849064343009014,0.6373852820004939,0.6597501513587093,0.019500580697973023,75
75,14.816272974014282,5.299993733718818,0.39781395594278973,0.06999394819502974,0.8,50,0.1,0.1,1000,3,3,1,0.001,0.1,15,0.9,"{'subsample': 0.8, 'scale_pos_weight': 50, 'reg_lambda': 0.1, 'reg_alpha': 0.1, 'n_estimators': 1000, 'min_child_weight': 3, 'max_depth': 3, 'max_delta_step': 1, 'learning_rate': 0.001, 'gamma': 0.1, 'early_stopping_rounds': 15, 'colsample_bytree': 0.9}",0.6252076075343383,0.7093684240093859,0.48141137822809876,0.6053291365906076,0.09411860916109531,76
76,12.285184065500895,5.704294622716038,0.4339416027069092,0.12717856452815232,1.0,5,0.1,0.1,1000,1,5,1,0.001,0.1,15,1.0,"{'subsample': 1.0, 'scale_pos_weight': 5, 'reg_lambda': 0.1, 'reg_alpha': 0.1, 'n_estimators': 1000, 'min_child_weight': 1, 'max_depth': 5, 'max_delta_step': 1, 'learning_rate': 0.001, 'gamma': 0.1, 'early_stopping_rounds': 15, 'colsample_bytree': 1.0}",0.398374661180141,0.5624700363130761,0.45401563174809023,0.47162010974710245,0.06813839480164839,77
77,7.708107391993205,2.234520387792155,0.3499499162038167,0.04358264585570984,1.0,50,1.0,0.0,1000,7,3,5,0.001,1.0,15,1.0,"{'subsample': 1.0, 'scale_pos_weight': 50, 'reg_lambda': 1, 'reg_alpha': 0, 'n_estimators': 1000, 'min_child_weight': 7, 'max_depth': 3, 'max_delta_step': 5, 'learning_rate': 0.001, 'gamma': 1, 'early_stopping_rounds': 15, 'colsample_bytree': 1.0}",0.3588962921896162,0.37566543845015127,0.3643972075279278,0.3663196460558984,0.006979631986343003,78
78,5.488187233606975,0.1977525990084809,0.3705550829569499,0.07321981293351097,0.5,0,0.1,0.0,1000,7,8,1,0.1,0.0,15,1.0,"{'subsample': 0.5, 'scale_pos_weight': 0, 'reg_lambda': 0.1, 'reg_alpha': 0, 'n_estimators': 1000, 'min_child_weight': 7, 'max_depth': 8, 'max_delta_step': 1, 'learning_rate': 0.1, 'gamma': 0, 'early_stopping_rounds': 15, 'colsample_bytree': 1.0}",0.19999755985224904,0.20000061003693773,0.20000061003693773,0.19999959330870817,1.4378708514939084e-06,79
79,5.174708366394043,0.2499621897252284,0.311850627263387,0.04621882539586291,0.5,0,1.0,0.0,1000,5,6,1,0.2,5.0,15,1.0,"{'subsample': 0.5, 'scale_pos_weight': 0, 'reg_lambda': 1, 'reg_alpha': 0, 'n_estimators': 1000, 'min_child_weight': 5, 'max_depth': 6, 'max_delta_step': 1, 'learning_rate': 0.2, 'gamma': 5, 'early_stopping_rounds': 15, 'colsample_bytree': 1.0}",0.19999755985224904,0.20000061003693773,0.20000061003693773,0.19999959330870817,1.4378708514939084e-06,79
80,6.06069000562032,0.3736516830246284,0.4139393170674642,0.06324240839830784,0.7,0,1.0,10.0,1000,3,3,5,0.1,0.0,15,0.5,"{'subsample': 0.7, 'scale_pos_weight': 0, 'reg_lambda': 1, 'reg_alpha': 10, 'n_estimators': 1000, 'min_child_weight': 3, 'max_depth': 3, 'max_delta_step': 5, 'learning_rate': 0.1, 'gamma': 0, 'early_stopping_rounds': 15, 'colsample_bytree': 0.5}",0.19999755985224904,0.20000061003693773,0.20000061003693773,0.19999959330870817,1.4378708514939084e-06,79
81,5.282901604970296,0.14082240076158145,0.4159693717956543,0.14824208455692187,0.7,0,100.0,0.1,1000,1,4,1,0.1,0.0,15,0.5,"{'subsample': 0.7, 'scale_pos_weight': 0, 'reg_lambda': 100, 'reg_alpha': 0.1, 'n_estimators': 1000, 'min_child_weight': 1, 'max_depth': 4, 'max_delta_step': 1, 'learning_rate': 0.1, 'gamma': 0, 'early_stopping_rounds': 15, 'colsample_bytree': 0.5}",0.19999755985224904,0.20000061003693773,0.20000061003693773,0.19999959330870817,1.4378708514939084e-06,79
82,5.425541003545125,0.45364145819785523,0.2664611339569092,0.007600828966470597,0.5,0,10.0,1.0,1000,5,6,1,0.05,1.0,15,0.9,"{'subsample': 0.5, 'scale_pos_weight': 0, 'reg_lambda': 10, 'reg_alpha': 1, 'n_estimators': 1000, 'min_child_weight': 5, 'max_depth': 6, 'max_delta_step': 1, 'learning_rate': 0.05, 'gamma': 1, 'early_stopping_rounds': 15, 'colsample_bytree': 0.9}",0.19999755985224904,0.20000061003693773,0.20000061003693773,0.19999959330870817,1.4378708514939084e-06,79
83,5.856989940007527,0.7296630935449518,0.4421253204345703,0.07483874849930981,1.0,0,0.1,1.0,1000,1,3,1,0.2,5.0,15,0.7,"{'subsample': 1.0, 'scale_pos_weight': 0, 'reg_lambda': 0.1, 'reg_alpha': 1, 'n_estimators': 1000, 'min_child_weight': 1, 'max_depth': 3, 'max_delta_step': 1, 'learning_rate': 0.2, 'gamma': 5, 'early_stopping_rounds': 15, 'colsample_bytree': 0.7}",0.19999755985224904,0.20000061003693773,0.20000061003693773,0.19999959330870817,1.4378708514939084e-06,79
84,4.813322385152181,0.11907470102455812,0.2707819938659668,0.005184700814131486,0.7,0,10.0,0.1,1000,3,6,10,0.01,0.5,15,0.7,"{'subsample': 0.7, 'scale_pos_weight': 0, 'reg_lambda': 10, 'reg_alpha': 0.1, 'n_estimators': 1000, 'min_child_weight': 3, 'max_depth': 6, 'max_delta_step': 10, 'learning_rate': 0.01, 'gamma': 0.5, 'early_stopping_rounds': 15, 'colsample_bytree': 0.7}",0.19999755985224904,0.20000061003693773,0.20000061003693773,0.19999959330870817,1.4378708514939084e-06,79
85,5.641320546468099,0.4165013549791785,0.3760404586791992,0.10528345873874977,1.0,0,0.1,10.0,1000,5,4,0,0.01,5.0,15,1.0,"{'subsample': 1.0, 'scale_pos_weight': 0, 'reg_lambda': 0.1, 'reg_alpha': 10, 'n_estimators': 1000, 'min_child_weight': 5, 'max_depth': 4, 'max_delta_step': 0, 'learning_rate': 0.01, 'gamma': 5, 'early_stopping_rounds': 15, 'colsample_bytree': 1.0}",0.19999755985224904,0.20000061003693773,0.20000061003693773,0.19999959330870817,1.4378708514939084e-06,79
86,5.642693519592285,0.07407248474413732,0.2791574001312256,0.00579153699239116,0.5,0,0.1,1.0,1000,5,5,0,0.1,0.5,15,0.7,"{'subsample': 0.5, 'scale_pos_weight': 0, 'reg_lambda': 0.1, 'reg_alpha': 1, 'n_estimators': 1000, 'min_child_weight': 5, 'max_depth': 5, 'max_delta_step': 0, 'learning_rate': 0.1, 'gamma': 0.5, 'early_stopping_rounds': 15, 'colsample_bytree': 0.7}",0.19999755985224904,0.20000061003693773,0.20000061003693773,0.19999959330870817,1.4378708514939084e-06,79
87,5.6903549035390215,0.2815673865386633,0.28476595878601074,0.05223268004442671,0.8,0,100.0,10.0,1000,5,8,10,0.1,0.1,15,0.9,"{'subsample': 0.8, 'scale_pos_weight': 0, 'reg_lambda': 100, 'reg_alpha': 10, 'n_estimators': 1000, 'min_child_weight': 5, 'max_depth': 8, 'max_delta_step': 10, 'learning_rate': 0.1, 'gamma': 0.1, 'early_stopping_rounds': 15, 'colsample_bytree': 0.9}",0.19999755985224904,0.20000061003693773,0.20000061003693773,0.19999959330870817,1.4378708514939084e-06,79
88,5.667579332987468,0.17763733959486563,0.2810266812642415,0.02276039116986232,1.0,0,10.0,1.0,1000,3,4,5,0.01,0.0,15,0.5,"{'subsample': 1.0, 'scale_pos_weight': 0, 'reg_lambda': 10, 'reg_alpha': 1, 'n_estimators': 1000, 'min_child_weight': 3, 'max_depth': 4, 'max_delta_step': 5, 'learning_rate': 0.01, 'gamma': 0, 'early_stopping_rounds': 15, 'colsample_bytree': 0.5}",0.19999755985224904,0.20000061003693773,0.20000061003693773,0.19999959330870817,1.4378708514939084e-06,79
89,5.205958286921184,0.4599145572896226,0.28866394360860187,0.04907489473006827,0.7,0,10.0,0.1,1000,7,3,5,0.01,0.5,15,0.5,"{'subsample': 0.7, 'scale_pos_weight': 0, 'reg_lambda': 10, 'reg_alpha': 0.1, 'n_estimators': 1000, 'min_child_weight': 7, 'max_depth': 3, 'max_delta_step': 5, 'learning_rate': 0.01, 'gamma': 0.5, 'early_stopping_rounds': 15, 'colsample_bytree': 0.5}",0.19999755985224904,0.20000061003693773,0.20000061003693773,0.19999959330870817,1.4378708514939084e-06,79
90,5.875936349232991,0.40782909962207686,0.2859029769897461,0.006464141426440319,0.5,0,10.0,10.0,1000,3,3,5,0.05,1.0,15,1.0,"{'subsample': 0.5, 'scale_pos_weight': 0, 'reg_lambda': 10, 'reg_alpha': 10, 'n_estimators': 1000, 'min_child_weight': 3, 'max_depth': 3, 'max_delta_step': 5, 'learning_rate': 0.05, 'gamma': 1, 'early_stopping_rounds': 15, 'colsample_bytree': 1.0}",0.19999755985224904,0.20000061003693773,0.20000061003693773,0.19999959330870817,1.4378708514939084e-06,79
91,4.8752396901448565,0.048733420074083704,0.2777530352274577,0.007075611123994558,1.0,0,1.0,0.0,1000,3,10,0,0.05,1.0,15,1.0,"{'subsample': 1.0, 'scale_pos_weight': 0, 'reg_lambda': 1, 'reg_alpha': 0, 'n_estimators': 1000, 'min_child_weight': 3, 'max_depth': 10, 'max_delta_step': 0, 'learning_rate': 0.05, 'gamma': 1, 'early_stopping_rounds': 15, 'colsample_bytree': 1.0}",0.19999755985224904,0.20000061003693773,0.20000061003693773,0.19999959330870817,1.4378708514939084e-06,79
92,5.071270704269409,0.13671628650500353,0.2685728867848714,0.005657682649005901,0.5,0,1.0,10.0,1000,5,5,5,0.001,0.5,15,0.7,"{'subsample': 0.5, 'scale_pos_weight': 0, 'reg_lambda': 1, 'reg_alpha': 10, 'n_estimators': 1000, 'min_child_weight': 5, 'max_depth': 5, 'max_delta_step': 5, 'learning_rate': 0.001, 'gamma': 0.5, 'early_stopping_rounds': 15, 'colsample_bytree': 0.7}",0.19999755985224904,0.20000061003693773,0.20000061003693773,0.19999959330870817,1.4378708514939084e-06,79
93,5.234204689661662,0.041699823623800196,0.2723013559977214,0.0019928335780249502,1.0,0,0.1,10.0,1000,1,3,10,0.001,0.0,15,1.0,"{'subsample': 1.0, 'scale_pos_weight': 0, 'reg_lambda': 0.1, 'reg_alpha': 10, 'n_estimators': 1000, 'min_child_weight': 1, 'max_depth': 3, 'max_delta_step': 10, 'learning_rate': 0.001, 'gamma': 0, 'early_stopping_rounds': 15, 'colsample_bytree': 1.0}",0.19999755985224904,0.20000061003693773,0.20000061003693773,0.19999959330870817,1.4378708514939084e-06,79
94,5.851365089416504,0.31924209690931926,0.34141961733500165,0.07141444949524804,0.7,0,100.0,0.1,1000,3,3,10,0.05,0.0,15,0.7,"{'subsample': 0.7, 'scale_pos_weight': 0, 'reg_lambda': 100, 'reg_alpha': 0.1, 'n_estimators': 1000, 'min_child_weight': 3, 'max_depth': 3, 'max_delta_step': 10, 'learning_rate': 0.05, 'gamma': 0, 'early_stopping_rounds': 15, 'colsample_bytree': 0.7}",0.19999755985224904,0.20000061003693773,0.20000061003693773,0.19999959330870817,1.4378708514939084e-06,79
95,5.194191058476766,0.20114392437301692,0.32590293884277344,0.06643199230989699,0.5,0,0.1,0.0,1000,5,3,1,0.1,0.5,15,0.9,"{'subsample': 0.5, 'scale_pos_weight': 0, 'reg_lambda': 0.1, 'reg_alpha': 0, 'n_estimators': 1000, 'min_child_weight': 5, 'max_depth': 3, 'max_delta_step': 1, 'learning_rate': 0.1, 'gamma': 0.5, 'early_stopping_rounds': 15, 'colsample_bytree': 0.9}",0.19999755985224904,0.20000061003693773,0.20000061003693773,0.19999959330870817,1.4378708514939084e-06,79
96,5.480036020278931,0.7802970078433026,0.2650626500447591,0.006095609568415421,0.5,0,1.0,1.0,1000,3,4,10,0.1,0.1,15,1.0,"{'subsample': 0.5, 'scale_pos_weight': 0, 'reg_lambda': 1, 'reg_alpha': 1, 'n_estimators': 1000, 'min_child_weight': 3, 'max_depth': 4, 'max_delta_step': 10, 'learning_rate': 0.1, 'gamma': 0.1, 'early_stopping_rounds': 15, 'colsample_bytree': 1.0}",0.19999755985224904,0.20000061003693773,0.20000061003693773,0.19999959330870817,1.4378708514939084e-06,79
97,5.259412050247192,0.12943443616009517,0.33393263816833496,0.0516038711946901,1.0,0,100.0,0.0,1000,3,4,5,0.01,5.0,15,0.7,"{'subsample': 1.0, 'scale_pos_weight': 0, 'reg_lambda': 100, 'reg_alpha': 0, 'n_estimators': 1000, 'min_child_weight': 3, 'max_depth': 4, 'max_delta_step': 5, 'learning_rate': 0.01, 'gamma': 5, 'early_stopping_rounds': 15, 'colsample_bytree': 0.7}",0.19999755985224904,0.20000061003693773,0.20000061003693773,0.19999959330870817,1.4378708514939084e-06,79
98,5.712698300679524,0.014074579794205042,0.3597720464070638,0.051080100498158594,0.8,0,10.0,0.1,1000,3,3,10,0.2,0.5,15,0.9,"{'subsample': 0.8, 'scale_pos_weight': 0, 'reg_lambda': 10, 'reg_alpha': 0.1, 'n_estimators': 1000, 'min_child_weight': 3, 'max_depth': 3, 'max_delta_step': 10, 'learning_rate': 0.2, 'gamma': 0.5, 'early_stopping_rounds': 15, 'colsample_bytree': 0.9}",0.19999755985224904,0.20000061003693773,0.20000061003693773,0.19999959330870817,1.4378708514939084e-06,79
99,5.241287549336751,0.29494531256579093,0.2654469807942708,0.008259020256552561,0.5,0,1.0,0.0,1000,3,10,1,0.05,1.0,15,0.5,"{'subsample': 0.5, 'scale_pos_weight': 0, 'reg_lambda': 1, 'reg_alpha': 0, 'n_estimators': 1000, 'min_child_weight': 3, 'max_depth': 10, 'max_delta_step': 1, 'learning_rate': 0.05, 'gamma': 1, 'early_stopping_rounds': 15, 'colsample_bytree': 0.5}",0.19999755985224904,0.20000061003693773,0.20000061003693773,0.19999959330870817,1.4378708514939084e-06,79
